<?xml version="1.0"?>
<Settings xmlns:xsi="http://www.w3.org/2001/XMLSchema-instance" xmlns:xsd="http://www.w3.org/2001/XMLSchema">
  <SettingsVersion>1</SettingsVersion>
  <PsxBoostIP>127.0.0.1</PsxBoostIP>
  <PsxServerIP>127.0.0.1</PsxServerIP>
  <PsxServerPort>10747</PsxServerPort>
  <RouterPubBind>tcp://*:10760</RouterPubBind>
  <FeedbackSubBind>tcp://*:10761</FeedbackSubBind>
  <TimeSync>true</TimeSync>
  <MinWeightModelOffsetM>4.4</MinWeightModelOffsetM>
  <PrimaryP3DMachineName />
</Settings>